Fecha,Descripcion,Categoria,Monto
"""""""2026-02-26""""""","""""""E S MIRAFLORES""""""","""""""Transporte & Auto""""""",234.4
"""""""2026-02-26""""""","""""""CLAUDE.AI SUBSCRIPTION""""""","""""""Compras & Tech""""""",68.0
"""""""2026-02-26""""""","""""""PLIN-Mirko Renato Ferre""""""","""""""Transferencias & Otros""""""",63.0
"""""""2026-02-25""""""","""""""NOTARIA GONZALES LOLI""""""","""""""Hogar & Servicios""""""",50.0
"""""""2026-02-24""""""","""""""PLIN-IRMA SANCHEZ""""""",Hogar & Servicios,100.0
"""""""2026-02-24""""""","""""""FRISKA S.A.C.""""""","""""""Restaurantes & Delivery""""""",10.0
"""""""2026-02-23""""""","""""""MP*ALIEXPRESS""""""","""""""Compras & Tech""""""",119.0
"""""""2026-02-20""""""","""""""PLIN-IRMA SANCHEZ""""""",Hogar & Servicios,20.0
"""""""2026-02-20""""""","""""""IZI*POS DSALA MIGUEL DA""""""","""""""Hogar & Servicios""""""",48.0
"""""""2026-02-18""""""","""""""IZI*POS DSALA MIGUEL DA""""""","""""""Hogar & Servicios""""""",47.0
"""""""2026-02-18""""""","""""""APPLE.COM/BILL""""""","""""""Compras & Tech""""""",13.5
"""""""2026-02-19""""""","""""""IZI*POS DSALA MIGUEL DA""""""","""""""Transferencias & Otros""""""",32.0
"""""""2026-02-19""""""","""""""TAMBO ANGAMOS-C3""""""","""""""Supermercados""""""",13.0
"""""""2026-02-19""""""","""""""MP*ALIEXPRESS""""""","""""""Compras & Tech""""""",11.3
"""""""2026-02-19""""""","""""""E WONG DOS DE MAYO""""""","""""""Supermercados""""""",140.8
"""""""2026-02-19""""""","""""""E S MIRAFLORES""""""","""""""Transporte & Auto""""""",228.4
"""""""2026-02-19""""""","""""""GRUPO SAN GABRIEL S.A.C.""""""","""""""Supermercados""""""",45.0
"""""""2026-02-19""""""","""""""PYU*UBER""""""","""""""Transporte & Auto""""""",11.9
"""""""2026-02-15""""""","""""""eBay O*12-14237-97970""""""","""""""Compras & Tech""""""",353.6
"""""""2026-02-15""""""","""""""eBay O*08-14243-37984""""""","""""""Compras & Tech""""""",159.6
"""""""2026-02-15""""""","""""""E WONG BENAVIDES""""""","""""""Supermercados""""""",276.9
"""""""2026-02-14""""""","""""""RAPPIPRO""""""","""""""Restaurantes & Delivery""""""",15.8
"""""""2026-02-14""""""","""""""IZI*CORPORACION TORO""""""","""""""Transferencias & Otros""""""",79.5
"""""""2026-02-13""""""","""""""APPLE.COM/BILL""""""","""""""Compras & Tech""""""",83.4
"""""""2026-02-09""""""","""""""CARGO DA 6791369""""""",Salud & Bienestar,218.8
"""""""2026-02-08""""""","""""""MUNICIPALIDAD MIRAFLORES""""""","""""""Hogar & Servicios""""""",373.4
"""""""2026-02-08""""""","""""""TAMBO ARAMBURU-C7""""""","""""""Supermercados""""""",59.7
"""""""2026-02-08""""""","""""""E WONG BENAVIDES""""""","""""""Supermercados""""""",337.4
"""""""2026-02-04""""""","""""""SIC ADICIONAL SURQUILLO""""""","""""""Transferencias & Otros""""""",195.0
"""""""2026-02-02""""""","""""""PLIN-ELIZABET ELENA LOP""""""",Hogar & Servicios,130.0
"""""""2026-02-02""""""","""""""PLIN-ELIZABET ELENA LOP""""""",Hogar & Servicios,190.0
"""""""2026-02-01""""""","""""""E WONG BENAVIDES""""""","""""""Supermercados""""""",372.1
"""""""2026-02-01""""""","""""""PACIFICO VIDA DOLARES""""""","""""""Salud & Bienestar""""""",544.0
"""""""2026-01-31""""""","""""""APPLE.COM/BILL""""""","""""""Compras & Tech""""""",36.4
"""""""2026-01-30""""""","""""""PLIN-MARIA ANDREA SCOLA""""""","""""""Transferencias & Otros""""""",12.0
"""""""2026-01-29""""""","""""""CREMOLADAS PERUANAS SAC""""""","""""""Restaurantes & Delivery""""""",10.0
"""""""2026-01-27""""""","""""""E WONG BENAVIDES""""""","""""""Supermercados""""""",53.7
"""""""2026-01-25""""""","""""""TAI LOY""""""","""""""Compras & Tech""""""",4.1
"""""""2026-01-25""""""","""""""FARMACIA UNIVERSAL SAC""""""","""""""Salud & Bienestar""""""",17.8
"""""""2026-01-25""""""","""""""E WONG BENAVIDES""""""","""""""Supermercados""""""",45.4
"""""""2026-01-23""""""","""""""PYU*UBER""""""","""""""Transporte & Auto""""""",5.5
"""""""2026-01-23""""""","""""""E S AREQUIPA""""""","""""""Transporte & Auto""""""",75.6
"""""""2026-01-24""""""","""""""E WONG BENAVIDES""""""","""""""Supermercados""""""",381.4
"""""""2026-01-24""""""","""""""Temu""""""","""""""Compras & Tech""""""",43.6
"""""""2026-01-24""""""","""""""DJI PERU""""""","""""""Compras & Tech""""""",1439.1
"""""""2026-01-23""""""","""""""PYU*CINEPLANET""""""","""""""Viajes & Ocio""""""",80.0
"""""""2026-01-23""""""","""""""PLIN-MANUEL RODRIGUEZ""""""","""""""Transferencias & Otros""""""",30.0
"""""""2026-01-22""""""","""""""VENDOMATICA""""""","""""""Transferencias & Otros""""""",3.0
"""""""2026-01-21""""""","""""""Google One""""""","""""""Compras & Tech""""""",77.2
"""""""2026-01-21""""""","""""""COMPUPALACE PERU SA""""""","""""""Compras & Tech""""""",10.0
"""""""2026-01-21""""""","""""""E WONG BENAVIDES""""""","""""""Supermercados""""""",185.9
"""""""2026-01-20""""""","""""""PLIN-IRMA SANCHEZ""""""",Hogar & Servicios,100.0
"""""""2026-01-20""""""","""""""VENDOMATICA""""""","""""""Supermercados""""""",1.5
"""""""2026-01-20""""""","""""""SB109 - PLAZUELA JOCKEY P""""""","""""""Supermercados""""""",13.5
"""""""2026-01-20""""""","""""""APPARKA JOCKEY PLAZA""""""","""""""Transporte & Auto""""""",7.9
"""""""2026-01-20""""""","""""""MOVISTAR PAGO AUTOMATI""""""","""""""Hogar & Servicios""""""",59.9
"""""""2026-01-19""""""","""""""PYU*UBER""""""","""""""Transporte & Auto""""""",9.9
"""""""2026-01-18""""""","""""""LISTO HIPODROMO""""""","""""""Supermercados""""""",13.6
"""""""2026-01-18""""""","""""""IZI*ALLIN RICKUY""""""","""""""Hogar & Servicios""""""",40.0
"""""""2026-01-18""""""","""""""PYU*UBER""""""","""""""Transporte & Auto""""""",7.9
"""""""2026-01-18""""""","""""""E S SAN ISIDRO""""""","""""""Transporte & Auto""""""",224.2
"""""""2026-01-18""""""","""""""TAMBO ARAMBURU-C7""""""","""""""Supermercados""""""",20.9
"""""""2026-01-18""""""","""""""APPLE.COM/BILL""""""","""""""Compras & Tech""""""",13.5
"""""""2026-01-16""""""","""""""MP *ALIEXPRESS""""""","""""""Compras & Tech""""""",117.6
"""""""2026-01-17""""""","""""""PYU*UBER""""""","""""""Transporte & Auto""""""",7.9
"""""""2026-01-17""""""","""""""EL REFUGIO DEL RIDER E.I""""""","""""""Viajes & Ocio""""""",45.0
"""""""2026-01-15""""""","""""""FRISKA S.A.C.""""""","""""""Salud & Bienestar""""""",12.5
"""""""2026-01-15""""""","""""""Smart Fit Peru""""""","""""""Salud & Bienestar""""""",197.8
"""""""2026-01-15""""""","""""""VENDOMATICA""""""","""""""Supermercados""""""",3.0
"""""""2026-01-15""""""","""""""E S MIRAFLORES""""""","""""""Transporte & Auto""""""",44.7
"""""""2026-01-14""""""","""""""DLO*Rappi""""""","""""""Restaurantes & Delivery""""""",15.1
"""""""2026-01-14""""""","""""""E WONG BENAVIDES""""""","""""""Supermercados""""""",251.0
"""""""2026-01-13""""""","""""""PLIN-IRMA SANCHEZ""""""",Hogar & Servicios,130.0
"""""""2026-01-12""""""","""""""PYU*UBER""""""","""""""Transporte & Auto""""""",8.9
"""""""2026-01-12""""""","""""""IZI*POS DSALA MIGUEL DASS""""""","""""""Restaurantes & Delivery""""""",43.0
"""""""2026-01-12""""""","""""""SISTEMAS DE ADMINIST HOSP""""""","""""""Salud & Bienestar""""""",34.2
"""""""2026-01-12""""""","""""""AIRBNB * HMREWFCERN""""""","""""""Viajes & Ocio""""""",983.2
"""""""2026-01-12""""""","""""""CA002 SANTA CRUZ""""""","""""""Transferencias & Otros""""""",111.6
"""""""2026-01-12""""""","""""""PROVINCI.""""""","""""""Transferencias & Otros""""""",25.1
"""""""2026-01-12""""""","""""""CARGO DA 6791369""""""",Salud & Bienestar,218.8
"""""""2026-01-13""""""","""""""APPLE.COM/BILL""""""","""""""Compras & Tech""""""",83.2
"""""""2026-01-11""""""","""""""PLIN-Hernan Cadillo Hi""""""","""""""Transferencias & Otros""""""",15.0
"""""""2026-01-11""""""","""""""CLARO PORTAL DE COMPRAS""""""","""""""Hogar & Servicios""""""",3.0
"""""""2026-01-10""""""","""""""PLIN-MANUEL RODRIGUEZ""""""","""""""Transferencias & Otros""""""",30.0
"""""""2026-01-10""""""","""""""PYU*UBER""""""","""""""Transporte & Auto""""""",7.9
"""""""2026-01-10""""""","""""""LAPONO E.I.R.L.""""""","""""""Hogar & Servicios""""""",44.8
"""""""2026-01-11""""""","""""""DON MAMINO MIRAFLORES""""""","""""""Restaurantes & Delivery""""""",85.0
"""""""2026-01-08""""""","""""""E WONG UCELLO""""""","""""""Supermercados""""""",57.3
"""""""2026-01-08""""""","""""""SESENTA RESTAURANTE""""""","""""""Restaurantes & Delivery""""""",41.8
"""""""2026-01-06""""""","""""""PLIN-IRMA SANCHEZ""""""",Hogar & Servicios,100.0
"""""""2026-01-06""""""","""""""RAPPI""""""","""""""Restaurantes & Delivery""""""",287.9
"""""""2026-01-05""""""","""""""TAI LOY""""""","""""""Compras & Tech""""""",23.7
"""""""2026-01-05""""""","""""""E WONG BENAVIDES""""""","""""""Supermercados""""""",76.5
"""""""2026-01-04""""""","""""""PARKINGCITY""""""","""""""Transporte & Auto""""""",142.5
"""""""2026-01-04""""""","""""""MERPAGO*UBEVSAS""""""","""""""Transferencias & Otros""""""",119.7
"""""""2026-01-04""""""","""""""JUMBO SM 451""""""","""""""Supermercados""""""",8.2
"""""""2026-01-04""""""","""""""SWEET SWEET WAY""""""","""""""Supermercados""""""",24.8
"""""""2026-01-04""""""","""""""CAPPRI HNOS. SH""""""","""""""Restaurantes & Delivery""""""",121.5
"""""""2026-01-04""""""","""""""PAYU*AR*UBER""""""","""""""Transporte & Auto""""""",24.8
"""""""2026-01-04""""""","""""""FOOD PATAGONIA SA""""""","""""""Restaurantes & Delivery""""""",70.7
"""""""2026-01-04""""""","""""""E WONG BENAVIDES""""""","""""""Supermercados""""""",341.8
"""""""2026-01-02""""""","""""""PACIFICO VIDA DOLARES""""""","""""""Salud & Bienestar""""""",544.0
"""""""2026-01-02""""""","""""""Smart Fit Peru""""""","""""""Salud & Bienestar""""""",109.9
"""""""2026-01-02""""""","""""""REPARKER CORDOBA S A""""""",Viajes & Ocio,294.2
"""""""2026-01-02""""""","""""""TOTAL INTEGRAL GASTRON""""""","""""""Restaurantes & Delivery""""""",312.8
"""""""2026-01-03""""""","""""""MARVIC HELADER Y CONF""""""","""""""Restaurantes & Delivery""""""",86.3
"""""""2026-01-03""""""","""""""ESTACION AUTODROMO""""""","""""""Transporte & Auto""""""",67.7
"""""""2026-01-01""""""","""""""AIRBNB * HMCE8X8FF4*""""""","""""""Viajes & Ocio""""""",238.0
"""""""2025-12-31""""""","""""""DLO*Rappi""""""","""""""Restaurantes & Delivery""""""",191.3
"""""""2025-12-31""""""","""""""SAN URBANO S A""""""","""""""Transporte & Auto""""""",129.2
"""""""2025-12-30""""""","""""""EL QUIJOTE""""""","""""""Viajes & Ocio""""""",37.9
"""""""2025-12-30""""""","""""""PANINO""""""","""""""Supermercados""""""",53.8
"""""""2025-12-30""""""","""""""VIVALTO NVO CENTRO""""""","""""""Hogar & Servicios""""""",77.1
"""""""2025-12-30""""""","""""""RED GRAL PAZ""""""","""""""Transporte & Auto""""""",18.9
"""""""2025-12-30""""""","""""""JUMBO SM 451""""""","""""""Supermercados""""""",253.1
"""""""2025-12-30""""""","""""""RAPA NUI CORDOBA""""""","""""""Restaurantes & Delivery""""""",78.7
"""""""2025-12-30""""""","""""""DISCO SM 435""""""","""""""Supermercados""""""",3.8
"""""""2025-12-30""""""","""""""MERPAGO*HORNITOSANTIAGUEN""""""","""""""Restaurantes & Delivery""""""",30.2
"""""""2025-12-30""""""","""""""EVENTRID""""""","""""""Viajes & Ocio""""""",276.7
"""""""2025-12-29""""""","""""""PLIN-IRMA SANCHEZ""""""",Hogar & Servicios,100.0
"""""""2025-12-29""""""","""""""MERPAGO*FARMABUSSAS""""""","""""""Salud & Bienestar""""""",66.0
"""""""2025-12-29""""""","""""""GENERAL MITRE SRL""""""","""""""Transporte & Auto""""""",177.8
"""""""2025-12-29""""""","""""""MERPAGO*LAVINOTECACBA""""""","""""""Supermercados""""""",144.6
"""""""2025-12-28""""""","""""""EASY CORDOBA CONTADO""""""","""""""Hogar & Servicios""""""",180.5
"""""""2025-12-28""""""","""""""RAPPI* VERIF $1.61 USD""""""","""""""Restaurantes & Delivery""""""",5.5
"""""""2025-12-26""""""","""""""MP *OPERAPIMASAC""""""",Viajes & Ocio,601.2
"""""""2025-12-26""""""","""""""E WONG BENAVIDES""""""","""""""Supermercados""""""",444.8
"""""""2025-12-26""""""","""""""TAI LOY""""""","""""""Compras & Tech""""""",39.5
"""""""2025-12-26""""""","""""""PYU*UBER""""""","""""""Transporte & Auto""""""",7.9
"""""""2025-12-26""""""","""""""DUTY FREE SHOP DOLARES""""""","""""""Viajes & Ocio""""""",19.0
"""""""2025-12-27""""""","""""""AIRBNB * HMK3YB25MP""""""","""""""Viajes & Ocio""""""",304.6
"""""""2025-12-27""""""","""""""LIBERTAD SA""""""","""""""Supermercados""""""",153.3
"""""""2025-12-27""""""","""""""PIZZERIA POPULAR""""""","""""""Restaurantes & Delivery""""""",194.0
"""""""2025-12-25""""""","""""""E S MIRAFLORES""""""","""""""Transporte & Auto""""""",25.8
"""""""2025-12-25""""""","""""""E S MIRAFLORES MARKET""""""","""""""Supermercados""""""",22.9
"""""""2025-12-24""""""","""""""KREAR3DCOM SA""""""","""""""Compras & Tech""""""",250.0
"""""""2025-12-24""""""","""""""TAI LOY""""""","""""""Compras & Tech""""""",11.2
"""""""2025-12-24""""""","""""""IZI*CANDELO""""""","""""""Hogar & Servicios""""""",60.0
"""""""2025-12-24""""""","""""""IZI*LA TROPICANA LIMA""""""","""""""Restaurantes & Delivery""""""",17.0
"""""""2025-12-24""""""","""""""FALABELLA MIRAFLORES SCO""""""","""""""Compras & Tech""""""",180.6
"""""""2025-12-23""""""","""""""PYU*CINEPLANET""""""","""""""Viajes & Ocio""""""",14.5
"""""""2025-12-23""""""","""""""FRISKA SAC""""""","""""""Restaurantes & Delivery""""""",1.5
"""""""2025-12-23""""""","""""""BOTICAS Y SALUD RICARDO P""""""","""""""Salud & Bienestar""""""",57.0
"""""""2025-12-23""""""","""""""LIBRERIAS CRISOL 10057155""""""","""""""Compras & Tech""""""",170.3
"""""""2025-12-23""""""","""""""CINEPLANET ALCAZAR TOTEM""""""","""""""Viajes & Ocio""""""",30.5
"""""""2025-12-22""""""","""""""Google YouTubePremium""""""","""""""Viajes & Ocio""""""",28.0
"""""""2025-12-22""""""","""""""OXXO CACERES""""""","""""""Supermercados""""""",12.3
"""""""2025-12-21""""""","""""""MP *ALIEXPRESS""""""","""""""Compras & Tech""""""",87.3
"""""""2025-12-21""""""","""""""SUC 36 MAESTRO SURQUILL""""""","""""""Hogar & Servicios""""""",361.2
"""""""2025-12-21""""""","""""""Google One""""""","""""""Compras & Tech""""""",77.0
"""""""2025-12-20""""""","""""""IZI*DISTRIBUIDORA MAVI""""""","""""""Supermercados""""""",64.0
"""""""2025-12-20""""""","""""""ONE PADEL MIRAFLORES""""""","""""""Viajes & Ocio""""""",41.5
"""""""2025-12-18""""""","""""""APPLE.COM/BILL""""""","""""""Compras & Tech""""""",13.4
"""""""2025-12-19""""""","""""""E S CHILCA""""""","""""""Transporte & Auto""""""",124.0
"""""""2025-12-19""""""","""""""LISTO CHILCA""""""","""""""Supermercados""""""",10.5
"""""""2025-12-17""""""","""""""VM*BRUMA CAFE""""""","""""""Restaurantes & Delivery""""""",16.0
"""""""2025-12-17""""""","""""""E WONG BENAVIDES""""""","""""""Supermercados""""""",498.6
"""""""2025-12-16""""""","""""""PLIN-IRMA SANCHEZ""""""",Hogar & Servicios,110.0
"""""""2025-12-15""""""","""""""699 MASS ACACERES 2 SU""""""","""""""Supermercados""""""",16.5
"""""""2025-12-15""""""","""""""MONTALVO SALON Y SPA""""""","""""""Salud & Bienestar""""""",50.0
"""""""2025-12-15""""""","""""""MOVISTAR APP HOGAR""""""","""""""Hogar & Servicios""""""",60.0
"""""""2025-12-14""""""","""""""PYU*UBER""""""","""""""Transporte & Auto""""""",8.9
"""""""2025-12-14""""""","""""""RAPPIPRO""""""","""""""Restaurantes & Delivery""""""",15.2
"""""""2025-12-14""""""","""""""ESTACION KIO""""""","""""""Transporte & Auto""""""",23.7
"""""""2025-12-14""""""","""""""EL TAMBO DE ALIMENTOS SAC""""""","""""""Supermercados""""""",50.7
"""""""2025-12-14""""""","""""""E S PANSUR""""""","""""""Transporte & Auto""""""",44.5
"""""""2025-12-14""""""","""""""FARMACIA UNIVERSAL""""""","""""""Salud & Bienestar""""""",4.0
"""""""2025-12-14""""""","""""""RAPPI""""""","""""""Restaurantes & Delivery""""""",32.0
"""""""2025-12-13""""""","""""""APPLE.COM/BILL""""""","""""""Compras & Tech""""""",83.1
"""""""2025-12-13""""""","""""""OXXO CACERES""""""","""""""Supermercados""""""",21.9
"""""""2025-12-11""""""","""""""FRISKA SAC""""""","""""""Restaurantes & Delivery""""""",10.0
"""""""2025-12-11""""""","""""""IKF P33 RICARDO PALMA""""""","""""""Hogar & Servicios""""""",36.5
"""""""2025-12-10""""""","""""""SB107 - CLINICA DELGADO""""""","""""""Salud & Bienestar""""""",25.0
"""""""2025-12-10""""""","""""""LIDERMAN PARKING""""""","""""""Transporte & Auto""""""",3.8
"""""""2025-12-09""""""","""""""IZI*THE GAYBAKER""""""","""""""Supermercados""""""",43.0
"""""""2025-12-09""""""","""""""PLIN-JACQUELINE MORA""""""","""""""Transferencias & Otros""""""",16.8
"""""""2025-12-09""""""","""""""PLIN-IRMA SANCHEZ""""""",Hogar & Servicios,230.0
"""""""2025-12-08""""""","""""""PYU*UBER""""""","""""""Transporte & Auto""""""",8.9
"""""""2025-12-08""""""","""""""MARBELLA MARKET""""""","""""""Supermercados""""""",22.0
"""""""2025-12-08""""""","""""""TR002 LARCOMAR""""""","""""""Viajes & Ocio""""""",126.0
"""""""2025-12-05""""""","""""""CARGO DA 6791369""""""",Salud & Bienestar,218.8
"""""""2025-12-06""""""","""""""SUPERMERCADOS HOLI""""""","""""""Supermercados""""""",13.4
"""""""2025-12-06""""""","""""""TOTTUS ANGAMOS SCO""""""","""""""Supermercados""""""",106.2
"""""""2025-12-05""""""","""""""ESTACION LA ROTONDA PLAYA""""""","""""""Transporte & Auto""""""",6.3
"""""""2025-12-04""""""","""""""E S MIRAFLORES""""""","""""""Transporte & Auto""""""",240.6
"""""""2025-12-02""""""","""""""PLIN-IRMA SANCHEZ""""""",Hogar & Servicios,100.0
"""""""2025-12-01""""""","""""""E WONG BENAVIDES""""""","""""""Supermercados""""""",531.8
"""""""2025-12-02""""""","""""""Smart Fit Peru""""""","""""""Salud & Bienestar""""""",109.9
"""""""2025-11-29""""""","""""""RILEKS BEACH BAR""""""","""""""Restaurantes & Delivery""""""",74.8
"""""""2025-11-29""""""","""""""PORTOMARI EXTRA NV.""""""","""""""Restaurantes & Delivery""""""",20.4
"""""""2025-11-28""""""","""""""KFC SALINJA""""""","""""""Restaurantes & Delivery""""""",48.6
"""""""2025-11-28""""""","""""""PORTOMARI BEACH CLUB""""""","""""""Viajes & Ocio""""""",64.0
"""""""2025-11-28""""""","""""""ISLAND TREASURES (2)""""""","""""""Viajes & Ocio""""""",115.6
"""""""2025-11-28""""""","""""""CARREFOUR MARKET""""""","""""""Supermercados""""""",212.3
"""""""2025-11-27""""""","""""""CARREFOUR MARKET""""""","""""""Supermercados""""""",57.4
"""""""2025-11-27""""""","""""""PIZZARONI CA""""""","""""""Restaurantes & Delivery""""""",137.0
"""""""2025-11-26""""""","""""""VANDDIS GASPARITU""""""","""""""Transporte & Auto""""""",136.0
"""""""2025-11-26""""""","""""""INTERNATIONAL CAFE""""""","""""""Restaurantes & Delivery""""""",246.1
"""""""2025-11-26""""""","""""""PIETERMAAI PARKING""""""","""""""Transporte & Auto""""""",9.7
"""""""2025-11-25""""""","""""""CARREFOUR MARKET""""""","""""""Supermercados""""""",258.5
"""""""2025-11-23""""""","""""""PYU*UBER""""""","""""""Transporte & Auto""""""",8.9
"""""""2025-11-23""""""","""""""AVIANCA SUC PERU ATO LIMA""""""","""""""Viajes & Ocio""""""",357.0
"""""""2025-11-23""""""","""""""NATOO""""""","""""""Salud & Bienestar""""""",64.6
"""""""2025-11-24""""""","""""""DUFRY""""""","""""""Viajes & Ocio""""""",173.8
"""""""2025-11-24""""""","""""""DUNKIN DONUTS""""""","""""""Restaurantes & Delivery""""""",45.2
"""""""2025-11-24""""""","""""""AIRBNB * HMREWFCERN""""""","""""""Viajes & Ocio""""""",73.4
"""""""2025-11-24""""""","""""""VOYE GLOBAL CONNECTIVI""""""","""""""Hogar & Servicios""""""",3.6
"""""""2025-11-24""""""","""""""VAN DEN TWEEL JAN THIE""""""","""""""Supermercados""""""",195.7
"""""""2025-11-23""""""","""""""PLIN-CARLOS SEGUNDO RIC""""""","""""""Transferencias & Otros""""""",50.0
"""""""2025-11-22""""""","""""""Google YouTubePremium""""""","""""""Viajes & Ocio""""""",27.8
"""""""2025-11-20""""""","""""""FRISKA SAC""""""","""""""Restaurantes & Delivery""""""",10.0
"""""""2025-11-20""""""","""""""TRUCK PARK""""""",Restaurantes & Delivery,59.0
"""""""2025-11-20""""""","""""""MOVISTAR PAGO AUTOMATI""""""","""""""Hogar & Servicios""""""",60.0
"""""""2025-11-21""""""","""""""E WONG BENAVIDES""""""","""""""Supermercados""""""",403.1
"""""""2025-11-21""""""","""""""699 MASS ACACERES 2 SU""""""","""""""Supermercados""""""",41.0
"""""""2025-11-21""""""","""""""Google One""""""","""""""Compras & Tech""""""",76.5
"""""""2025-11-18""""""","""""""DON MAMINO""""""","""""""Restaurantes & Delivery""""""",58.5
"""""""2025-11-18""""""","""""""APPLE.COM/BILL""""""","""""""Compras & Tech""""""",13.4
"""""""2025-11-18""""""","""""""PLIN-IRMA SANCHEZ""""""",Hogar & Servicios,100.0
"""""""2025-11-17""""""","""""""APPLE.COM/US""""""","""""""Compras & Tech""""""",4362.0
"""""""2025-11-16""""""","""""""AIRBNB * HMCYWK3HBQ""""""","""""""Viajes & Ocio""""""",3058.2
"""""""2025-11-16""""""","""""""AIRBNB * HMYZFHCM82""""""","""""""Viajes & Ocio""""""",395.9
"""""""2025-11-15""""""","""""""CHILIS - 04TAIPEI""""""","""""""Restaurantes & Delivery""""""",233.0
"""""""2025-11-14""""""","""""""RAPPIPRO""""""","""""""Restaurantes & Delivery""""""",15.3
"""""""2025-11-12""""""","""""""PAULI KAFFEE""""""","""""""Supermercados""""""",48.0
"""""""2025-11-12""""""","""""""PATIO CENTRAL PIURA""""""","""""""Viajes & Ocio""""""",48.0
"""""""2025-11-12""""""","""""""E WONG BENAVIDES""""""","""""""Supermercados""""""",515.3
"""""""2025-11-13""""""","""""""APPLE.COM/BILL""""""","""""""Compras & Tech""""""",83.1
"""""""2025-11-13""""""","""""""SUBWAY""""""","""""""Restaurantes & Delivery""""""",25.8
"""""""2025-11-10""""""","""""""IZI*L ANCORA""""""","""""""Restaurantes & Delivery""""""",70.0
"""""""2025-11-11""""""","""""""CARGO DA 6791369""""""",Salud & Bienestar,218.8
"""""""2025-11-11""""""","""""""REST OTTO GRILL""""""","""""""Restaurantes & Delivery""""""",39.6
"""""""2025-11-11""""""","""""""IZI*SARCLETTI""""""","""""""Restaurantes & Delivery""""""",56.0
"""""""2025-11-11""""""","""""""PATIO CENTRAL PIURA""""""","""""""Viajes & Ocio""""""",60.0
"""""""2025-11-09""""""","""""""E WONG BENAVIDES""""""","""""""Supermercados""""""",151.6
"""""""2025-11-09""""""","""""""MP *ALIEXPRESS""""""","""""""Compras & Tech""""""",106.8
"""""""2025-11-10""""""","""""""SB 138 AEROPUERTO NACIONA""""""","""""""Transporte & Auto""""""",24.5
"""""""2025-11-08""""""","""""""BRASA VIVA""""""","""""""Restaurantes & Delivery""""""",61.0
"""""""2025-11-08""""""","""""""RUTAS DE LIMA SAN PEDRO""""""","""""""Transporte & Auto""""""",7.5
"""""""2025-11-08""""""","""""""TOURING Y AUTOMOVIL CLU""""""","""""""Transporte & Auto""""""",30.0
"""""""2025-11-07""""""","""""""NOTARIA CRUZADO""""""","""""""Hogar & Servicios""""""",90.0
"""""""2025-11-07""""""","""""""RAPPI""""""","""""""Restaurantes & Delivery""""""",65.6
"""""""2025-11-06""""""","""""""FRISKA SAC""""""","""""""Restaurantes & Delivery""""""",7.5
"""""""2025-11-06""""""","""""""VENDOMATICA""""""","""""""Supermercados""""""",3.2
"""""""2025-11-05""""""","""""""RPALMA C9""""""","""""""Supermercados""""""",9.1
"""""""2025-11-05""""""","""""""E WONG BENAVIDES""""""","""""""Supermercados""""""",91.8
"""""""2025-11-04""""""","""""""TRUCK PARK""""""",Restaurantes & Delivery,34.5
"""""""2025-11-04""""""","""""""MERPAGO*GABRIELPIZARR""""""","""""""Transferencias & Otros""""""",249.9
"""""""2025-11-04""""""","""""""DESPEGAR.COM""""""","""""""Viajes & Ocio""""""",718.0
"""""""2025-11-03""""""","""""""Smart Fit Peru""""""","""""""Salud & Bienestar""""""",109.9
"""""""2025-11-03""""""","""""""LP LATAM XP""""""","""""""Viajes & Ocio""""""",5977.2
"""""""2025-11-01""""""","""""""E WONG GARDENIAS""""""","""""""Supermercados""""""",36.9
"""""""2025-11-02""""""","""""""PACIFICO VIDA DOLARES""""""","""""""Salud & Bienestar""""""",683.4
"""""""2025-11-02""""""","""""""OXXO ORUE""""""","""""""Supermercados""""""",21.8
"""""""2025-11-02""""""","""""""DON MAMINO""""""","""""""Restaurantes & Delivery""""""",122.0
"""""""2025-10-31""""""","""""""VENDOMATICA""""""","""""""Supermercados""""""",3.2
"""""""2025-10-31""""""","""""""RAPPI""""""","""""""Restaurantes & Delivery""""""",58.5
"""""""2025-10-30""""""","""""""TRUCK PARK""""""",Restaurantes & Delivery,29.5
"""""""2025-10-27""""""","""""""IZI*CAFE DE LIMA ANGAMOS""""""","""""""Restaurantes & Delivery""""""",56.0
"""""""2025-10-28""""""","""""""FRISKA SAC""""""","""""""Restaurantes & Delivery""""""",15.0
"""""""2025-10-28""""""","""""""CE PUCP""""""","""""""Hogar & Servicios""""""",3375.0
"""""""2025-10-26""""""","""""""E WONG BENAVIDES""""""","""""""Supermercados""""""",133.8
"""""""2025-10-26""""""","""""""TAMBO ARAMBURU-C7""""""","""""""Supermercados""""""",17.4
"""""""2025-10-25""""""","""""""PLIN-ELIZABET ELENA LOP""""""",Hogar & Servicios,390.0
"""""""2025-10-24""""""","""""""MINISO MALL PLAZA ANGAMOS""""""","""""""Compras & Tech""""""",35.7
"""""""2025-10-24""""""","""""""SCO SODIMAC ANGAMOS""""""","""""""Hogar & Servicios""""""",138.4
"""""""2025-10-23""""""","""""""E WONG BENAVIDES""""""","""""""Supermercados""""""",539.5
"""""""2025-10-24""""""","""""""RAPPI""""""","""""""Restaurantes & Delivery""""""",20.8
"""""""2025-10-22""""""","""""""CHILIS - 04TAIPEI""""""","""""""Restaurantes & Delivery""""""",125.0
"""""""2025-10-22""""""","""""""Google YouTubePremium""""""","""""""Viajes & Ocio""""""",27.8
"""""""2025-10-21""""""","""""""Google One""""""","""""""Compras & Tech""""""",76.6
"""""""2025-10-21""""""","""""""SELI DENT""""""","""""""Salud & Bienestar""""""",80.0
"""""""2025-10-21""""""","""""""PLIN-Axel Lucciano Vald""""""","""""""Transferencias & Otros""""""",8.0
"""""""2025-10-20""""""","""""""SELI DENT""""""","""""""Salud & Bienestar""""""",410.0
"""""""2025-10-19""""""","""""""CA002 SANTA CRUZ""""""","""""""Viajes & Ocio""""""",46.6
"""""""2025-10-18""""""","""""""BKG*BOOKING.COM FLIGHT""""""","""""""Viajes & Ocio""""""",1096.5
"""""""2025-10-18""""""","""""""APPLE.COM/BILL""""""","""""""Compras & Tech""""""",13.4
"""""""2025-10-17""""""","""""""RAPPI""""""","""""""Restaurantes & Delivery""""""",28.9
"""""""2025-10-16""""""","""""""AIRBNB * HM8NZ4HBNR""""""","""""""Viajes & Ocio""""""",1144.6
"""""""2025-10-16""""""","""""""FRISKA SAC""""""","""""""Restaurantes & Delivery""""""",10.0
"""""""2025-10-16""""""","""""""TRUCK PARK""""""",Restaurantes & Delivery,2.0
"""""""2025-10-16""""""","""""""E WONG BENAVIDES""""""","""""""Supermercados""""""",611.5
"""""""2025-10-16""""""","""""""GRIFOS GO""""""","""""""Transporte & Auto""""""",204.7
"""""""2025-10-15""""""","""""""IZI*MOTO WORLD ENTERPR""""""","""""""Transporte & Auto""""""",784.0
"""""""2025-10-13""""""","""""""SAN ANTONIO CHACARILLA""""""","""""""Restaurantes & Delivery""""""",45.6
"""""""2025-10-14""""""","""""""RAPPIPRO""""""","""""""Restaurantes & Delivery""""""",14.6
"""""""2025-10-14""""""","""""""TRUCK PARK""""""",Restaurantes & Delivery,34.0
"""""""2025-10-14""""""","""""""IZI*DAN FERNANDO SURQUILL""""""","""""""Restaurantes & Delivery""""""",6.9
"""""""2025-10-14""""""","""""""SELI DENT""""""","""""""Salud & Bienestar""""""",160.0
"""""""2025-10-13""""""","""""""PLIN-IRMA SANCHEZ""""""",Hogar & Servicios,100.0
"""""""2025-10-12""""""","""""""IZI*CHINGUIRITO ESMERALDA""""""","""""""Restaurantes & Delivery""""""",130.0
"""""""2025-10-13""""""","""""""APPLE.COM/BILL""""""","""""""Compras & Tech""""""",81.3
"""""""2025-10-11""""""","""""""EBX*AMAZON""""""","""""""Compras & Tech""""""",679.4
"""""""2025-10-11""""""","""""""IZI*HOVAL SPORTS SAC""""""","""""""Viajes & Ocio""""""",50.0
"""""""2025-10-09""""""","""""""RAPIGRIFOS""""""","""""""Transporte & Auto""""""",100.0
"""""""2025-10-09""""""","""""""MP *ALIEXPRESS""""""","""""""Compras & Tech""""""",38.3
"""""""2025-10-10""""""","""""""CARGO DA 6791369""""""",Salud & Bienestar,225.4
"""""""2025-10-10""""""","""""""CHILIS - 04TAIPEI""""""","""""""Restaurantes & Delivery""""""",126.0
"""""""2025-10-10""""""","""""""RIPLEY COM""""""","""""""Compras & Tech""""""",189.2
"""""""2025-10-10""""""","""""""PYU*UBER""""""","""""""Transporte & Auto""""""",7.9
"""""""2025-10-08""""""","""""""CH - 06LARCOMAR""""""","""""""Viajes & Ocio""""""",125.0
"""""""2025-10-08""""""","""""""WONG BAJADA BALTA""""""","""""""Supermercados""""""",292.8
"""""""2025-10-08""""""","""""""MAGNUX VIR""""""","""""""Hogar & Servicios""""""",50.0
"""""""2025-10-08""""""","""""""E S TENAUD""""""","""""""Transporte & Auto""""""",50.0
"""""""2025-10-08""""""","""""""MOVISTAR APP HOGAR""""""","""""""Hogar & Servicios""""""",118.3
"""""""2025-10-07""""""","""""""Clobis""""""","""""""Compras & Tech""""""",50.0
"""""""2025-10-05""""""","""""""PYU*UBER""""""","""""""Transporte & Auto""""""",8.9
"""""""2025-10-05""""""","""""""LinkedInPreB *53321914""""""",Salud & Bienestar,644.7
"""""""2025-10-05""""""","""""""DJI PERU""""""","""""""Compras & Tech""""""",4859.1
"""""""2025-10-04""""""","""""""PYU*UBER""""""","""""""Transporte & Auto""""""",15.9
"""""""2025-10-04""""""","""""""E WONG BENAVIDES""""""","""""""Supermercados""""""",59.5
"""""""2025-10-03""""""","""""""FRISKA SAC""""""","""""""Restaurantes & Delivery""""""",10.0
"""""""2025-10-03""""""","""""""MAPFRE PERU COMPAIA DE SE""""""","""""""Salud & Bienestar""""""",179.0
"""""""2025-10-03""""""","""""""RAPPI""""""","""""""Restaurantes & Delivery""""""",2.9
"""""""2025-10-02""""""","""""""PACIFICO VIDA DOLARES""""""","""""""Salud & Bienestar""""""",683.4
"""""""2025-10-02""""""","""""""Smart Fit Peru""""""","""""""Salud & Bienestar""""""",99.9
"""""""2025-10-02""""""","""""""TRUCK PARK""""""",Restaurantes & Delivery,29.5
"""""""2025-10-01""""""","""""""PYU*UBER""""""","""""""Transporte & Auto""""""",7.9
"""""""2025-10-01""""""","""""""MAMMA LOLA ABTAO""""""","""""""Restaurantes & Delivery""""""",55.0
"""""""2025-09-30""""""","""""""DISTRIBUIDORA NAVARRETE""""""","""""""Compras & Tech""""""",2.5
"""""""2025-09-30""""""","""""""SELI DENT""""""","""""""Salud & Bienestar""""""",320.0
"""""""2025-09-29""""""","""""""LA FOLIE CAFE""""""","""""""Restaurantes & Delivery""""""",26.0
"""""""2025-09-28""""""","""""""TERMINAL PESQUERO LARCO""""""","""""""Restaurantes & Delivery""""""",135.4
"""""""2025-09-28""""""","""""""E WONG BENAVIDES""""""","""""""Supermercados""""""",428.2
"""""""2025-09-27""""""","""""""LIBRERIAS CRISOL 10057151""""""","""""""Compras & Tech""""""",95.8
"""""""2025-09-26""""""","""""""RAPPI""""""","""""""Restaurantes & Delivery""""""",127.0
"""""""2025-09-25""""""","""""""SOFA CAFE SURCO""""""","""""""Restaurantes & Delivery""""""",73.0
"""""""2025-09-23""""""","""""""E WONG UCELLO""""""","""""""Supermercados""""""",48.7
"""""""2025-09-22""""""","""""""Google YouTubePremium""""""","""""""Viajes & Ocio""""""",27.0
"""""""2025-09-22""""""","""""""E WONG BENAVIDES""""""","""""""Supermercados""""""",337.2
"""""""2025-09-21""""""","""""""Google One""""""","""""""Compras & Tech""""""",74.2
"""""""2025-09-21""""""","""""""699 MASS ACACERES 2 SU""""""","""""""Supermercados""""""",28.0
"""""""2025-09-20""""""","""""""ONE PADEL MIRAFLORES""""""","""""""Viajes & Ocio""""""",97.0
"""""""2025-09-20""""""","""""""IZI*CAFE DE LIMA ANGAMOS""""""","""""""Restaurantes & Delivery""""""",20.0
"""""""2025-09-20""""""","""""""MOVISTAR PAGO AUTOMATI""""""","""""""Hogar & Servicios""""""",59.9
"""""""2025-09-19""""""","""""""TIENDA RICARDO PALMA M2 C""""""","""""""Supermercados""""""",34.9
"""""""2025-09-19""""""","""""""IZI*LA BODEGA DE JOVI""""""","""""""Supermercados""""""",56.9
"""""""2025-09-18""""""","""""""TRUCK PARK""""""",Restaurantes & Delivery,34.0
"""""""2025-09-18""""""","""""""APPLE.COM/BILL""""""","""""""Compras & Tech""""""",13.0
"""""""2025-09-17""""""","""""""FRISKA SAC""""""","""""""Restaurantes & Delivery""""""",5.0
"""""""2025-09-17""""""","""""""PYU*UBER""""""","""""""Transporte & Auto""""""",7.9
"""""""2025-09-16""""""","""""""FRISKA SAC""""""","""""""Restaurantes & Delivery""""""",15.0
"""""""2025-09-13""""""","""""""IZI*SNOW IMPORT""""""","""""""Hogar & Servicios""""""",324.0
"""""""2025-09-13""""""","""""""APPLE.COM/BILL""""""","""""""Compras & Tech""""""",80.1
"""""""2025-09-13""""""","""""""E WONG BENAVIDES""""""","""""""Supermercados""""""",182.5
"""""""2025-09-13""""""","""""""RAPPI""""""","""""""Restaurantes & Delivery""""""",37.2
"""""""2025-09-14""""""","""""""RAPPIPRO""""""","""""""Restaurantes & Delivery""""""",14.0
"""""""2025-09-14""""""","""""""MDOPAGO*ALIEXPRESS""""""","""""""Compras & Tech""""""",260.9
"""""""2025-09-11""""""","""""""PLIN-Juan Alberto Flore""""""","""""""Transferencias & Otros""""""",240.0
"""""""2025-09-09""""""","""""""GRIFO MARGARITA I""""""","""""""Transporte & Auto""""""",41.5
"""""""2025-09-09""""""","""""""VM*MARKET TAY""""""","""""""Supermercados""""""",17.0
"""""""2025-09-09""""""","""""""GRIFO SAN PEDRO""""""","""""""Transporte & Auto""""""",32.0
"""""""2025-09-09""""""","""""""EL BALCON DE ORO RESTAUR""""""","""""""Restaurantes & Delivery""""""",36.5
"""""""2025-09-09""""""","""""""SERVICENTRO CASMA S.A.C.""""""","""""""Transporte & Auto""""""",48.5
"""""""2025-09-09""""""","""""""IZI*CORPORACION RIO BRANC""""""","""""""Transporte & Auto""""""",34.0
"""""""2025-09-09""""""","""""""PYU*UBER""""""","""""""Transporte & Auto""""""",9.9
"""""""2025-09-09""""""","""""""CARGO DA 6791369""""""",Salud & Bienestar,225.1
"""""""2025-09-10""""""","""""""LUCIO CAFFE _ SANTA CRUZ""""""","""""""Restaurantes & Delivery""""""",42.9
"""""""2025-09-10""""""","""""""CH - 05MONITOR""""""","""""""Compras & Tech""""""",130.0
"""""""2025-09-11""""""","""""""E WONG BENAVIDES""""""","""""""Supermercados""""""",568.9
"""""""2025-09-11""""""","""""""E S AREQUIPA""""""","""""""Transporte & Auto""""""",219.9
"""""""2025-09-11""""""","""""""SIC ADICIONAL SURQUILLO""""""","""""""Salud & Bienestar""""""",98.0
"""""""2025-09-08""""""","""""""NINAWAYRA""""""","""""""Viajes & Ocio""""""",76.0
"""""""2025-09-08""""""","""""""IZI*EE SS EMAVIZA SAC""""""","""""""Hogar & Servicios""""""",28.0
"""""""2025-09-07""""""","""""""COUNTRY CLUB ECO""""""","""""""Viajes & Ocio""""""",204.0
"""""""2025-09-07""""""","""""""IZI*EST SERV GASOCENTRO G""""""","""""""Transporte & Auto""""""",10.0
"""""""2025-09-07""""""","""""""IZI*LA FIDELISIMA MARKET""""""","""""""Supermercados""""""",10.0
"""""""2025-09-06""""""","""""""IZI*SELVA GRIFOS EIRL""""""","""""""Transporte & Auto""""""",142.0
"""""""2025-09-06""""""","""""""DON ISAAC CORPORATION EI""""""","""""""Restaurantes & Delivery""""""",120.0
"""""""2025-09-04""""""","""""""IZI*EESS SAN CARLOS AFILA""""""","""""""Transporte & Auto""""""",43.0
"""""""2025-09-04""""""","""""""Hotel Su Majestad""""""","""""""Viajes & Ocio""""""",77.0
"""""""2025-09-04""""""","""""""SUPERMERCADO BARATON""""""","""""""Supermercados""""""",34.9
"""""""2025-09-04""""""","""""""IZI*SERNANP""""""","""""""Viajes & Ocio""""""",12.0
"""""""2025-09-04""""""","""""""IZI*TU O TU PIZZAS Y PARR""""""","""""""Restaurantes & Delivery""""""",45.0
"""""""2025-09-05""""""","""""""IZI*SURTIDORES TINGO MARI""""""","""""""Transporte & Auto""""""",40.0
"""""""2025-09-05""""""","""""""IZI*XILAN HARMONY""""""","""""""Hogar & Servicios""""""",148.7
"""""""2025-09-03""""""","""""""HOTEL SAN FRANCISCO CM""""""","""""""Viajes & Ocio""""""",46.5
"""""""2025-09-03""""""","""""""HOTEL PALMAS REALES""""""","""""""Viajes & Ocio""""""",104.0
"""""""2025-09-01""""""","""""""PLIN-IRMA SANCHEZ""""""",Hogar & Servicios,100.0
"""""""2025-09-01""""""","""""""Spotify""""""","""""""Viajes & Ocio""""""",10.4
"""""""2025-09-01""""""","""""""PYU*UBER""""""","""""""Transporte & Auto""""""",5.9
"""""""2025-09-02""""""","""""""Smart Fit Peru""""""","""""""Salud & Bienestar""""""",109.9
"""""""2025-09-02""""""","""""""IKF 243 HUANUCO 5""""""","""""""Transferencias & Otros""""""",8.9
"""""""2025-08-30""""""","""""""SCO MAESTRO SURQUILLO""""""","""""""Hogar & Servicios""""""",225.2
"""""""2025-08-30""""""","""""""RUTAS DE LIMA VILLA""""""","""""""Transporte & Auto""""""",7.5
"""""""2025-08-30""""""","""""""DH LURIN""""""","""""""Hogar & Servicios""""""",119.4
"""""""2025-08-30""""""","""""""COLISEUM""""""","""""""Viajes & Ocio""""""",150.0
"""""""2025-08-30""""""","""""""IZI*INVERSIONES NISSEI""""""","""""""Compras & Tech""""""",54.9
"""""""2025-08-30""""""","""""""SUPERM METRO ARAMBURU""""""","""""""Supermercados""""""",279.8
"""""""2025-08-30""""""","""""""LA ROSTERIA SRL""""""","""""""Restaurantes & Delivery""""""",81.0
"""""""2025-08-31""""""","""""""PACIFICO VIDA DOLARES""""""","""""""Salud & Bienestar""""""",683.4
"""""""2025-08-31""""""","""""""E WONG BENAVIDES""""""","""""""Supermercados""""""",402.6
"""""""2025-08-31""""""","""""""E S AREQUIPA""""""","""""""Transporte & Auto""""""",56.2
"""""""2025-08-29""""""","""""""DIRELI MOTORS""""""","""""""Transporte & Auto""""""",547.9
"""""""2025-08-29""""""","""""""MOTO WORLD ENTERPRISE""""""","""""""Transporte & Auto""""""",200.0
"""""""2025-08-28""""""","""""""TRUCK PARK""""""",Restaurantes & Delivery,59.0
"""""""2025-08-27""""""","""""""TRUCK PARK""""""",Restaurantes & Delivery,36.0
"""""""2025-08-27""""""","""""""E WONG BENAVIDES""""""","""""""Supermercados""""""",557.7
"""""""2025-08-26""""""","""""""PYU*UBER""""""","""""""Transporte & Auto""""""",8.9
"""""""2025-08-25""""""","""""""PLIN-IRMA SANCHEZ""""""",Hogar & Servicios,100.0
"""""""2025-08-25""""""","""""""FRISKA SAC""""""","""""""Restaurantes & Delivery""""""",7.5
"""""""2025-08-24""""""","""""""E WONG BENAVIDES""""""","""""""Supermercados""""""",46.8
"""""""2025-08-24""""""","""""""EBX*PRIME VIDEO""""""","""""""Viajes & Ocio""""""",4.0
"""""""2025-08-24""""""","""""""Temu""""""","""""""Compras & Tech""""""",41.0
"""""""2025-08-23""""""","""""""E S FERRERO""""""","""""""Transporte & Auto""""""",78.2
"""""""2025-08-23""""""","""""""IZI*BROS CHICKEN""""""","""""""Restaurantes & Delivery""""""",25.0
"""""""2025-08-22""""""","""""""PYU*UBER""""""","""""""Transporte & Auto""""""",20.9
"""""""2025-08-22""""""","""""""Google YouTubePremium""""""","""""""Viajes & Ocio""""""",26.8
"""""""2025-08-21""""""","""""""TRUCK PARK""""""",Restaurantes & Delivery,25.9
"""""""2025-08-21""""""","""""""Google One""""""","""""""Compras & Tech""""""",73.7
"""""""2025-08-21""""""","""""""E WONG BENAVIDES""""""","""""""Supermercados""""""",379.6
"""""""2025-08-20""""""","""""""MOVISTAR PAGO AUTOMATI""""""","""""""Hogar & Servicios""""""",59.9
"""""""2025-08-18""""""","""""""APPLE.COM/BILL""""""","""""""Compras & Tech""""""",12.7
"""""""2025-08-18""""""","""""""PLIN-IRMA SANCHEZ""""""",Hogar & Servicios,100.0
"""""""2025-08-17""""""","""""""MONTALVO 28 DE JULIO""""""","""""""Salud & Bienestar""""""",100.0
"""""""2025-08-17""""""","""""""E S MIRAFLORES""""""","""""""Transporte & Auto""""""",259.1
"""""""2025-08-17""""""","""""""GAP""""""","""""""Supermercados""""""",175.2
"""""""2025-08-17""""""","""""""PUKU PUKU LARCOMAR""""""","""""""Restaurantes & Delivery""""""",44.0
"""""""2025-08-17""""""","""""""AMAZON MKTPLACE PMTS""""""","""""""Compras & Tech""""""",90.2
"""""""2025-08-18""""""","""""""APPLE.COM/BILL""""""","""""""Compras & Tech""""""",147.4
"""""""2025-08-16""""""","""""""MOZART RESTAURANTE""""""","""""""Restaurantes & Delivery""""""",172.8
"""""""2025-08-16""""""","""""""APPARKA MARISTAS""""""","""""""Transporte & Auto""""""",14.0
"""""""2025-08-15""""""","""""""E WONG BENAVIDES""""""","""""""Supermercados""""""",474.0
"""""""2025-08-14""""""","""""""RAPPI PRO""""""","""""""Restaurantes & Delivery""""""",15.6
"""""""2025-08-14""""""","""""""VM*BRUMA CAFE""""""","""""""Restaurantes & Delivery""""""",10.0
"""""""2025-08-13""""""","""""""APPLE.COM BILL""""""","""""""Compras & Tech""""""",79.6
"""""""2025-08-13""""""","""""""FRISKA SAC""""""","""""""Restaurantes & Delivery""""""",10.0
"""""""2025-08-13""""""","""""""TRUCK PARK""""""",Restaurantes & Delivery,36.0
"""""""2025-08-12""""""","""""""PLIN-ELIZABET ELENA LOP""""""",Hogar & Servicios,390.0
"""""""2025-08-11""""""","""""""OXXO JULIAN""""""","""""""Supermercados""""""",13.8
"""""""2025-08-12""""""","""""""CARGO DA 6791369""""""",Salud & Bienestar,225.1
"""""""2025-08-12""""""","""""""LUCIO CAFFE _ SANTA CRUZ""""""","""""""Restaurantes & Delivery""""""",40.2
"""""""2025-08-12""""""","""""""D TINTO Y BIFE""""""","""""""Restaurantes & Delivery""""""",164.0
"""""""2025-08-11""""""","""""""PLIN-IRMA SANCHEZ""""""",Hogar & Servicios,100.0
"""""""2025-08-10""""""","""""""GRIFO SAN JOSE ORGANOS""""""","""""""Transporte & Auto""""""",100.0
"""""""2025-08-10""""""","""""""MOKA DELIVERY""""""","""""""Restaurantes & Delivery""""""",50.0
"""""""2025-08-10""""""","""""""PYU*UBER""""""","""""""Transporte & Auto""""""",54.9
"""""""2025-08-09""""""","""""""IZI*RESTAURANT TURISTICO""""""","""""""Restaurantes & Delivery""""""",24.7
"""""""2025-08-08""""""","""""""CHILIS - 04TAIPEI""""""","""""""Restaurantes & Delivery""""""",145.0
"""""""2025-08-08""""""","""""""SB 138 AEROPUERTO NACIONA""""""","""""""Transporte & Auto""""""",43.5
"""""""2025-08-08""""""","""""""IZI*MIGUELITO TOURS""""""","""""""Viajes & Ocio""""""",1000.0
"""""""2025-08-08""""""","""""""MARKET SAN JOSE""""""","""""""Supermercados""""""",60.9
"""""""2025-08-07""""""","""""""PYU*CINEPLANET""""""","""""""Viajes & Ocio""""""",45.0
"""""""2025-08-06""""""","""""""TAI LOY""""""","""""""Compras & Tech""""""",11.2
"""""""2025-08-06""""""","""""""PYU*ADIDAS""""""","""""""Compras & Tech""""""",224.0
"""""""2025-08-06""""""","""""""HYM LARCOMAR""""""","""""""Compras & Tech""""""",182.5
"""""""2025-08-05""""""","""""""LP LATAM XP""""""","""""""Viajes & Ocio""""""",1344.9
"""""""2025-08-05""""""","""""""LA POSITIVA GENERALES""""""",Transporte & Auto,335.0
"""""""2025-08-04""""""","""""""PLIN-IRMA SANCHEZ""""""",Hogar & Servicios,100.0
"""""""2025-08-04""""""","""""""IZI*ARTIDORO CAFETERIA""""""","""""""Restaurantes & Delivery""""""",41.8
"""""""2025-08-04""""""","""""""IBERO LIBRERIAS""""""","""""""Compras & Tech""""""",175.2
"""""""2025-08-03""""""","""""""RESTAURANTE CAMPESTRE""""""","""""""Restaurantes & Delivery""""""",55.0
"""""""2025-08-02""""""","""""""Smart Fit Peru""""""","""""""Salud & Bienestar""""""",9.9
"""""""2025-08-02""""""","""""""PACIFICO VIDA DOLARES""""""","""""""Salud & Bienestar""""""",683.4
"""""""2025-08-02""""""","""""""SA LISTO CAMACHO""""""","""""""Supermercados""""""",31.7
"""""""2025-08-02""""""","""""""PROMOGESA SOLES""""""","""""""Hogar & Servicios""""""",34.1
"""""""2025-07-31""""""","""""""REST DON VITO""""""","""""""Restaurantes & Delivery""""""",3150.0
"""""""2025-08-01""""""","""""""FRISKA SAC""""""","""""""Restaurantes & Delivery""""""",5.0
"""""""2025-08-01""""""","""""""E WONG BENAVIDES""""""","""""""Supermercados""""""",343.9
"""""""2025-07-28""""""","""""""T7105 BENAVIDES 2019""""""","""""""Hogar & Servicios""""""",56.8
"""""""2025-07-27""""""","""""""IZI*MARIA ALMENARA""""""","""""""Restaurantes & Delivery""""""",16.9
"""""""2025-07-26""""""","""""""PLIN-LUIS GORDILLO ANDR""""""","""""""Transferencias & Otros""""""",55.0
"""""""2025-07-26""""""","""""""E S MIRAFLORES""""""","""""""Transporte & Auto""""""",175.5
"""""""2025-07-26""""""","""""""E WONG BENAVIDES""""""","""""""Supermercados""""""",550.7
"""""""2025-07-25""""""","""""""FRISKA SAC""""""","""""""Restaurantes & Delivery""""""",11.0
"""""""2025-07-25""""""","""""""MOVISTAR APP HOGAR""""""","""""""Hogar & Servicios""""""",87.9
"""""""2025-07-23""""""","""""""IZI*LA BODEGA DE JOVI""""""","""""""Supermercados""""""",17.8
"""""""2025-07-22""""""","""""""EBX*AMAZON""""""","""""""Compras & Tech""""""",165.3
"""""""2025-07-22""""""","""""""Google YouTubePremium""""""","""""""Viajes & Ocio""""""",26.5
"""""""2025-07-21""""""","""""""DIRELI SRL""""""","""""""Transporte & Auto""""""",689.9
"""""""2025-07-21""""""","""""""Google One""""""","""""""Compras & Tech""""""",72.9
"""""""2025-07-19""""""","""""""PYU*UBER""""""","""""""Transporte & Auto""""""",9.9
"""""""2025-07-19""""""","""""""E S MARBELLA""""""","""""""Transporte & Auto""""""",26.0
"""""""2025-07-19""""""","""""""LEVIS LARCOMAR""""""","""""""Compras & Tech""""""",289.3
"""""""2025-07-19""""""","""""""PUMA LARCOMAR""""""","""""""Compras & Tech""""""",66.3
"""""""2025-07-19""""""","""""""LA TRATTORIA DI MAMBRINO""""""","""""""Restaurantes & Delivery""""""",70.0
"""""""2025-07-20""""""","""""""E S ANGAMOS 2""""""","""""""Transporte & Auto""""""",47.4
"""""""2025-07-20""""""","""""""E WONG BENAVIDES""""""","""""""Supermercados""""""",617.2
"""""""2025-07-17""""""","""""""SESENTA RESTAURANTE""""""","""""""Restaurantes & Delivery""""""",35.8
"""""""2025-07-18""""""","""""""APPLE.COM/BILL""""""","""""""Compras & Tech""""""",147.8
"""""""2025-07-18""""""","""""""E S MIRAFLORES MARKET""""""","""""""Supermercados""""""",45.8
"""""""2025-07-18""""""","""""""SM HOTEL""""""","""""""Viajes & Ocio""""""",7.0
"""""""2025-07-17""""""","""""""FRISKA SAC""""""","""""""Restaurantes & Delivery""""""",5.0
"""""""2025-07-16""""""","""""""IZI*CARAVANA""""""","""""""Viajes & Ocio""""""",62.7
"""""""2025-07-16""""""","""""""MOVISTAR APP HOGAR""""""","""""""Hogar & Servicios""""""",60.0
"""""""2025-07-15""""""","""""""JOSE GALVEZ MIRAFLORES""""""","""""""Supermercados""""""",900.0
"""""""2025-07-15""""""","""""""SMARTFIT 28 DE JULIO""""""","""""""Salud & Bienestar""""""",319.7
"""""""2025-07-15""""""","""""""LUCIO CAFE 28 DE JULIO""""""","""""""Restaurantes & Delivery""""""",30.4
"""""""2025-07-15""""""","""""""LIMALINEN""""""","""""""Hogar & Servicios""""""",319.0
"""""""2025-07-15""""""","""""""MONTALVO 28 DE JULIO""""""","""""""Salud & Bienestar""""""",50.0
"""""""2025-07-13""""""","""""""APPLE.COM/BILL""""""","""""""Compras & Tech""""""",78.8
"""""""2025-07-13""""""","""""""BETOS""""""","""""""Restaurantes & Delivery""""""",44.2
"""""""2025-07-13""""""","""""""MC DONALDS NCS""""""","""""""Restaurantes & Delivery""""""",47.8
"""""""2025-07-13""""""","""""""EL NAZARENO""""""","""""""Restaurantes & Delivery""""""",61.9
"""""""2025-07-13""""""","""""""HAVANNA""""""","""""""Restaurantes & Delivery""""""",23.6
"""""""2025-07-13""""""","""""""NUEVOCENTRO SHOPPING""""""","""""""Viajes & Ocio""""""",29.5
"""""""2025-07-13""""""","""""""BODEGON DEL SUR""""""","""""""Restaurantes & Delivery""""""",183.7
"""""""2025-07-14""""""","""""""FOOD PATAGONIA SA""""""","""""""Restaurantes & Delivery""""""",101.5
"""""""2025-07-14""""""","""""""PYU*UBER""""""","""""""Transporte & Auto""""""",7.9
"""""""2025-07-14""""""","""""""E S MIRAFLORES""""""","""""""Transporte & Auto""""""",320.6
"""""""2025-07-14""""""","""""""E WONG BENAVIDES""""""","""""""Supermercados""""""",395.3
"""""""2025-07-12""""""","""""""DISCO SM 060""""""","""""""Supermercados""""""",224.5
"""""""2025-07-11""""""","""""""VIVERO EL FENIX""""""","""""""Hogar & Servicios""""""",94.1
"""""""2025-07-11""""""","""""""TATU CARRETA""""""","""""""Restaurantes & Delivery""""""",70.5
"""""""2025-07-11""""""","""""""BRAVO CAFE BISTRO""""""","""""""Restaurantes & Delivery""""""",132.3
"""""""2025-07-09""""""","""""""RISSEN""""""","""""""Restaurantes & Delivery""""""",91.7
"""""""2025-07-09""""""","""""""GET HOTEL MOLVENTO""""""","""""""Viajes & Ocio""""""",148.4
"""""""2025-07-10""""""","""""""CARGO DA 6791369""""""",Salud & Bienestar,225.1
"""""""2025-07-10""""""","""""""PLAYA 31277 VITALI""""""","""""""Viajes & Ocio""""""",222.6
"""""""2025-07-10""""""","""""""EL NAZARENO""""""","""""""Restaurantes & Delivery""""""",195.9
"""""""2025-07-08""""""","""""""PAYU*AR*UBER""""""","""""""Transporte & Auto""""""",23.2
"""""""2025-07-06""""""","""""""COSTUMBRES ARGENTINAS""""""","""""""Restaurantes & Delivery""""""",232.0
"""""""2025-07-06""""""","""""""TIENDA RAMBLA""""""","""""""Supermercados""""""",58.4
"""""""2025-07-06""""""","""""""LA IBERICA""""""","""""""Restaurantes & Delivery""""""",65.0
"""""""2025-07-06""""""","""""""PYU*UBER""""""","""""""Transporte & Auto""""""",8.9
"""""""2025-07-07""""""","""""""DUTY FREE SHOP DOLARES""""""","""""""Viajes & Ocio""""""",173.8
"""""""2025-07-07""""""","""""""MERPAGO*STAY""""""","""""""Viajes & Ocio""""""",389.0
"""""""2025-07-07""""""","""""""DLO*Rappi""""""","""""""Restaurantes & Delivery""""""",72.1
"""""""2025-07-05""""""","""""""IZI*ARTIDORO CAFETERIA""""""","""""""Restaurantes & Delivery""""""",34.0
"""""""2025-07-05""""""","""""""REST DON VITO""""""","""""""Restaurantes & Delivery""""""",2251.0
"""""""2025-07-05""""""","""""""MINISO OPEN PLAZA ANGAMOS""""""","""""""Compras & Tech""""""",53.8
"""""""2025-07-05""""""","""""""MOTO LAN PERU CORPORATE""""""","""""""Transporte & Auto""""""",2293.3
"""""""2025-07-04""""""","""""""FRISKA SAC""""""","""""""Restaurantes & Delivery""""""",10.0
"""""""2025-07-04""""""","""""""LITTLE CAESARS _ Benavid""""""","""""""Restaurantes & Delivery""""""",39.8
"""""""2025-07-04""""""","""""""DOMINOS PIZZA""""""","""""""Restaurantes & Delivery""""""",49.9
"""""""2025-07-04""""""","""""""PYU*UBER""""""","""""""Transporte & Auto""""""",9.9
"""""""2025-07-03""""""","""""""PLIN-CARLOS DAVID DIAZ""""""","""""""Transferencias & Otros""""""",45.0
"""""""2025-07-02""""""","""""""PACIFICO VIDA DOLARES""""""","""""""Salud & Bienestar""""""",683.4
"""""""2025-07-02""""""","""""""IZI*DOCEAVA SURQUILLO""""""","""""""Hogar & Servicios""""""",45.0
"""""""2025-06-30""""""","""""""PLIN-IRMA SANCHEZ""""""",Hogar & Servicios,100.0
"""""""2025-06-29""""""","""""""E WONG BENAVIDES""""""","""""""Supermercados""""""",386.0
"""""""2025-06-28""""""","""""""Temu""""""","""""""Compras & Tech""""""",166.2
"""""""2025-06-28""""""","""""""EDO SUSHI BAR""""""","""""""Restaurantes & Delivery""""""",177.0
"""""""2025-06-26""""""","""""""DON MAMINO""""""","""""""Restaurantes & Delivery""""""",64.0
"""""""2025-06-26""""""","""""""E WONG BENAVIDES""""""","""""""Supermercados""""""",517.5
"""""""2025-06-27""""""","""""""FALABELLA ANGAMOS""""""","""""""Compras & Tech""""""",133.7
"""""""2025-06-27""""""","""""""KFC - 060 OPEN PLAZA MARS""""""","""""""Restaurantes & Delivery""""""",20.8
"""""""2025-06-27""""""","""""""PH - 042 OPEN PLAZA S.A.""""""","""""""Viajes & Ocio""""""",79.9
"""""""2025-06-25""""""","""""""TAI LOY""""""","""""""Compras & Tech""""""",51.7
"""""""2025-06-24""""""","""""""MEDITERRANEO""""""","""""""Restaurantes & Delivery""""""",40.0
"""""""2025-06-23""""""","""""""PLIN-IRMA SANCHEZ""""""",Hogar & Servicios,100.0
"""""""2025-06-22""""""","""""""FLORES & LANE SAC""""""","""""""Compras & Tech""""""",196.7
"""""""2025-06-22""""""","""""""Google YouTubePremium""""""","""""""Viajes & Ocio""""""",26.2
"""""""2025-06-22""""""","""""""IZI*MARIA ALMENARA""""""","""""""Restaurantes & Delivery""""""",16.9
"""""""2025-06-22""""""","""""""E WONG BENAVIDES""""""","""""""Supermercados""""""",116.4
"""""""2025-06-21""""""","""""""PYU*UBER""""""","""""""Transporte & Auto""""""",8.9
"""""""2025-06-21""""""","""""""LATTE BAKERY""""""","""""""Restaurantes & Delivery""""""",69.5
"""""""2025-06-21""""""","""""""MATTONI""""""","""""""Supermercados""""""",115.8
"""""""2025-06-21""""""","""""""Google One""""""","""""""Compras & Tech""""""",72.0
"""""""2025-06-19""""""","""""""IZI*DOCEAVA SURQUILLO""""""","""""""Hogar & Servicios""""""",95.0
"""""""2025-06-19""""""","""""""CH - 004 BENAVIDES TAIPE""""""","""""""Salud & Bienestar""""""",126.0
"""""""2025-06-20""""""","""""""AIRBNB * HMKCQFCWR8""""""","""""""Viajes & Ocio""""""",303.4
"""""""2025-06-17""""""","""""""LA LATAM XP""""""","""""""Viajes & Ocio""""""",300.2
"""""""2025-06-17""""""","""""""E WONG BENAVIDES""""""","""""""Supermercados""""""",534.1
"""""""2025-06-18""""""","""""""APPLE.COM/BILL""""""","""""""Compras & Tech""""""",145.8
"""""""2025-06-18""""""","""""""IZI*CARAVANA""""""","""""""Viajes & Ocio""""""",43.8
"""""""2025-06-16""""""","""""""PLIN-IRMA SANCHEZ""""""",Hogar & Servicios,100.0
"""""""2025-06-15""""""","""""""T7100 ESPINAR""""""","""""""Hogar & Servicios""""""",91.8
"""""""2025-06-15""""""","""""""CINEPLANET ALCAZAR BOLET""""""","""""""Viajes & Ocio""""""",151.0
"""""""2025-06-13""""""","""""""PLIN-ELVIS CARRERA""""""","""""""Transferencias & Otros""""""",100.0
"""""""2025-06-12""""""","""""""FRISKA SAC""""""","""""""Restaurantes & Delivery""""""",18.0
"""""""2025-06-12""""""","""""""FISIOCELE""""""","""""""Salud & Bienestar""""""",350.0
"""""""2025-06-13""""""","""""""APPLE.COM/BILL""""""","""""""Compras & Tech""""""",77.4
"""""""2025-06-11""""""","""""""IZI*CARAVANA""""""","""""""Viajes & Ocio""""""",58.0
"""""""2025-06-10""""""","""""""HAVANNA PARDO""""""","""""""Restaurantes & Delivery""""""",35.0
"""""""2025-06-10""""""","""""""CARGO DA 6791369""""""",Salud & Bienestar,225.1
"""""""2025-06-09""""""","""""""FISIOCELE""""""","""""""Salud & Bienestar""""""",350.0
"""""""2025-06-09""""""","""""""PLIN-IRMA SANCHEZ""""""",Hogar & Servicios,100.0
"""""""2025-06-08""""""","""""""CALDO DE GALLINA 24 HORAS""""""","""""""Restaurantes & Delivery""""""",123.0
"""""""2025-06-08""""""","""""""E WONG BENAVIDES""""""","""""""Supermercados""""""",372.9
"""""""2025-06-05""""""","""""""IZI*CHIFA TOU SANG""""""","""""""Restaurantes & Delivery""""""",30.5
"""""""2025-06-05""""""","""""""E S MIRAFLORES""""""","""""""Transporte & Auto""""""",251.6
"""""""2025-06-05""""""","""""""IZI*LILA""""""","""""""Compras & Tech""""""",106.0
"""""""2025-06-06""""""","""""""FRISKA SAC""""""","""""""Restaurantes & Delivery""""""",10.0
"""""""2025-06-04""""""","""""""IZI*CARAVANA""""""","""""""Viajes & Ocio""""""",59.9
"""""""2025-06-01""""""","""""""E WONG BENAVIDES""""""","""""""Supermercados""""""",764.2
